[
  {
    "id": 1,
    "title": "To Kill a Mockingbird",
    "author": "Harper Lee",
    "description": "A novel about the serious issues of rape and racial inequality in the American South, as seen through the eyes of a child.",
    "publicationDate": "1960-07-11",
    "coverImage": "https://covers.openlibrary.org/b/id/8228691-L.jpg"
  },
  {
    "id": 2,
    "title": "1984",
    "author": "George Orwell",
    "description": "A dystopian novel set in a totalitarian regime that practices extreme surveillance and control.",
    "publicationDate": "1949-06-08",
    "coverImage": "https://covers.openlibrary.org/b/id/11143215-L.jpg"
  },
  {
    "id": 3,
    "title": "The Great Gatsby",
    "author": "F. Scott Fitzgerald",
    "description": "A story about the young and mysterious millionaire Jay Gatsby and his obsession with the beautiful former debutante Daisy Buchanan.",
    "publicationDate": "1925-04-10",
    "coverImage": "https://covers.openlibrary.org/b/id/8892157-L.jpg"
  },
  {
    "id": 4,
    "title": "Pride and Prejudice",
    "author": "Jane Austen",
    "description": "A romantic novel that charts the emotional development of the protagonist Elizabeth Bennet.",
    "publicationDate": "1813-01-28",
    "coverImage": "https://covers.openlibrary.org/b/id/9355946-L.jpg"
  },
  {
    "id": 5,
    "title": "Moby-Dick",
    "author": "Herman Melville",
    "description": "The narrative of Captain Ahab’s obsessive quest to seek revenge on the giant white whale Moby Dick.",
    "publicationDate": "1851-10-18",
    "coverImage": "https://covers.openlibrary.org/b/id/7222246-L.jpg"
  },
  {
    "id": 6,
    "title": "The Catcher in the Rye",
    "author": "J.D. Salinger",
    "description": "A novel about the challenges and complexities of teenage life, narrated by the rebellious Holden Caulfield.",
    "publicationDate": "1951-07-16",
    "coverImage": "https://covers.openlibrary.org/b/id/8225265-L.jpg"
  },
  {
    "id": 7,
    "title": "Brave New World",
    "author": "Aldous Huxley",
    "description": "A futuristic society that has eradicated pain and suffering at the cost of individual freedom.",
    "publicationDate": "1932-08-18",
    "coverImage": "https://covers.openlibrary.org/b/id/10233409-L.jpg"
  },
  {
    "id": 8,
    "title": "The Lord of the Rings",
    "author": "J.R.R. Tolkien",
    "description": "An epic high-fantasy novel that follows the quest to destroy the One Ring and defeat the Dark Lord Sauron.",
    "publicationDate": "1954-07-29",
    "coverImage": "https://covers.openlibrary.org/b/id/8101530-L.jpg"
  },
  {
    "id": 9,
    "title": "The Alchemist",
    "author": "Paulo Coelho",
    "description": "A philosophical novel about a young shepherd's journey to realize his Personal Legend.",
    "publicationDate": "1988-04-15",
    "coverImage": "https://covers.openlibrary.org/b/id/8225631-L.jpg"
  },
  {
    "id": 10,
    "title": "War and Peace",
    "author": "Leo Tolstoy",
    "description": "A historical novel that chronicles the French invasion of Russia and the impact on Russian society.",
    "publicationDate": "1869-01-01",
    "coverImage": "https://covers.openlibrary.org/b/id/7222247-L.jpg"
  },
  {
    "id": 11,
    "title": "Jane Eyre",
    "author": "Charlotte Brontë",
    "description": "The story of a young orphaned girl’s rise from an oppressed childhood to independence and self-respect.",
    "publicationDate": "1847-10-16",
    "coverImage": "https://covers.openlibrary.org/b/id/10192136-L.jpg"
  },
  {
    "id": 12,
    "title": "Wuthering Heights",
    "author": "Emily Brontë",
    "description": "A tragic love story between Heathcliff and Catherine Earnshaw set on the Yorkshire moors.",
    "publicationDate": "1847-12-01",
    "coverImage": "https://covers.openlibrary.org/b/id/8228827-L.jpg"
  },
  {
    "id": 13,
    "title": "The Odyssey",
    "author": "Homer",
    "description": "An epic poem following the adventures of Odysseus as he returns home from the Trojan War.",
    "publicationDate": "-800-01-01",
    "coverImage": "https://covers.openlibrary.org/b/id/8316891-L.jpg"
  },
  {
    "id": 14,
    "title": "Don Quixote",
    "author": "Miguel de Cervantes",
    "description": "The story of a nobleman who sets out to revive chivalry, undo wrongs, and bring justice to the world.",
    "publicationDate": "1605-01-16",
    "coverImage": "https://covers.openlibrary.org/b/id/8718431-L.jpg"
  },
  {
    "id": 15,
    "title": "The Divine Comedy",
    "author": "Dante Alighieri",
    "description": "An epic poem about Dante's journey through Hell, Purgatory, and Heaven, guided by Virgil and Beatrice.",
    "publicationDate": "1320-01-01",
    "coverImage": "https://covers.openlibrary.org/b/id/10204089-L.jpg"
  },
  {
    "id": 16,
    "title": "The Brothers Karamazov",
    "author": "Fyodor Dostoevsky",
    "description": "A philosophical novel revolving around the moral struggles and existential questions of a Russian family.",
    "publicationDate": "1880-01-01",
    "coverImage": "https://covers.openlibrary.org/b/id/8081069-L.jpg"
  },
  {
    "id": 17,
    "title": "Crime and Punishment",
    "author": "Fyodor Dostoevsky",
    "description": "The story of a young impoverished man who believes he is above the law, only to be consumed by guilt.",
    "publicationDate": "1866-01-01",
    "coverImage": "https://covers.openlibrary.org/b/id/8239631-L.jpg"
  },
  {
    "id": 18,
    "title": "Anna Karenina",
    "author": "Leo Tolstoy",
    "description": "A novel that contrasts the life of a married woman, Anna, who embarks on a doomed affair.",
    "publicationDate": "1877-01-01",
    "coverImage": "https://covers.openlibrary.org/b/id/8466671-L.jpg"
  },
  {
    "id": 19,
    "title": "Ulysses",
    "author": "James Joyce",
    "description": "A modernist novel chronicling the experiences of Leopold Bloom in Dublin during one ordinary day.",
    "publicationDate": "1922-02-02",
    "coverImage": "https://covers.openlibrary.org/b/id/9710847-L.jpg"
  },
  {
    "id": 20,
    "title": "One Hundred Years of Solitude",
    "author": "Gabriel García Márquez",
    "description": "The multi-generational story of the Buendía family, blending magical realism and historical allegory.",
    "publicationDate": "1967-05-30",
    "coverImage": "https://covers.openlibrary.org/b/id/8034446-L.jpg"
  },
  {
    "id": 21,
    "title": "The Hobbit",
    "author": "J.R.R. Tolkien",
    "description": "The adventures of Bilbo Baggins, a hobbit who embarks on a quest to reclaim treasure from a dragon.",
    "publicationDate": "1937-09-21",
    "coverImage": "https://covers.openlibrary.org/b/id/8079390-L.jpg"
  },
  {
    "id": 22,
    "title": "The Catch-22",
    "author": "Joseph Heller",
    "description": "A satirical novel about the absurdities of war and bureaucracy, centered on a bomber pilot in World War II.",
    "publicationDate": "1961-11-10",
    "coverImage": "https://covers.openlibrary.org/b/id/9881340-L.jpg"
  },
  {
    "id": 23,
    "title": "Les Misérables",
    "author": "Victor Hugo",
    "description": "A historical novel set in post-revolutionary France, telling the story of Jean Valjean and his quest for redemption.",
    "publicationDate": "1862-01-01",
    "coverImage": "https://covers.openlibrary.org/b/id/8146175-L.jpg"
  },
  {
    "id": 24,
    "title": "Frankenstein",
    "author": "Mary Shelley",
    "description": "The tragic tale of Victor Frankenstein, a scientist who creates life only to be horrified by his creation.",
    "publicationDate": "1818-01-01",
    "coverImage": "https://covers.openlibrary.org/b/id/6979871-L.jpg"
  },
  {
    "id": 25,
    "title": "The Picture of Dorian Gray",
    "author": "Oscar Wilde",
    "description": "The story of a man who remains eternally young while a portrait of him ages in his place, reflecting his moral decay.",
    "publicationDate": "1890-07-20",
    "coverImage": "https://covers.openlibrary.org/b/id/10233450-L.jpg"
  },
  {
    "id": 26,
    "title": "The Grapes of Wrath",
    "author": "John Steinbeck",
    "description": "A powerful story about the plight of migrant farm workers during the Great Depression in America.",
    "publicationDate": "1939-04-14",
    "coverImage": "https://covers.openlibrary.org/b/id/9873783-L.jpg"
  },
  {
    "id": 27,
    "title": "Dracula",
    "author": "Bram Stoker",
    "description": "A Gothic novel telling the story of Count Dracula's attempt to move from Transylvania to England.",
    "publicationDate": "1897-05-26",
    "coverImage": "https://covers.openlibrary.org/b/id/8234476-L.jpg"
  },
  {
    "id": 28,
    "title": "Fahrenheit 451",
    "author": "Ray Bradbury",
    "description": "A dystopian novel about a future society where books are banned and 'firemen' burn them to suppress knowledge.",
    "publicationDate": "1953-10-19",
    "coverImage": "https://covers.openlibrary.org/b/id/10189807-L.jpg"
  },
  {
    "id": 29,
    "title": "The Scarlet Letter",
    "author": "Nathaniel Hawthorne",
    "description": "A story set in 17th-century Puritan Massachusetts, about a woman punished for adultery.",
    "publicationDate": "1850-03-16",
    "coverImage": "https://covers.openlibrary.org/b/id/7984911-L.jpg"
  },
  {
    "id": 30,
    "title": "The Metamorphosis",
    "author": "Franz Kafka",
    "description": "A novella about a man who wakes up one day to find himself transformed into a giant insect.",
    "publicationDate": "1915-01-01",
    "coverImage": "https://covers.openlibrary.org/b/id/11004471-L.jpg"
  },
  {
    "id": 31,
    "title": "The Road",
    "author": "Cormac McCarthy",
    "description": "A post-apocalyptic novel following a father and son as they journey across a barren landscape.",
    "publicationDate": "2006-09-26",
    "coverImage": "https://covers.openlibrary.org/b/id/9295497-L.jpg"
  },
  {
    "id": 32,
    "title": "Slaughterhouse-Five",
    "author": "Kurt Vonnegut",
    "description": "A satirical novel about the experiences of a soldier who becomes 'unstuck in time' after the firebombing of Dresden.",
    "publicationDate": "1969-03-31",
    "coverImage": "https://covers.openlibrary.org/b/id/9295516-L.jpg"
  },
  {
    "id": 33,
    "title": "Lolita",
    "author": "Vladimir Nabokov",
    "description": "A controversial novel about an older man's obsession with a 12-year-old girl.",
    "publicationDate": "1955-09-15",
    "coverImage": "https://covers.openlibrary.org/b/id/11004475-L.jpg"
  },
  {
    "id": 34,
    "title": "Heart of Darkness",
    "author": "Joseph Conrad",
    "description": "A novella about a voyage up the Congo River into the heart of Africa, examining colonialism and human nature.",
    "publicationDate": "1899-11-13",
    "coverImage": "https://covers.openlibrary.org/b/id/9282325-L.jpg"
  },
  {
    "id": 35,
    "title": "Beloved",
    "author": "Toni Morrison",
    "description": "A novel about a woman haunted by the ghost of her dead daughter, exploring slavery and its aftermath.",
    "publicationDate": "1987-09-16",
    "coverImage": "https://covers.openlibrary.org/b/id/10204150-L.jpg"
  },
  {
    "id": 36,
    "title": "Maus",
    "author": "Art Spiegelman",
    "description": "A graphic novel recounting the experiences of the author's father during the Holocaust, depicted with animals as characters.",
    "publicationDate": "1980-08-12",
    "coverImage": "https://covers.openlibrary.org/b/id/10238488-L.jpg"
  },
  {
    "id": 37,
    "title": "Invisible Man",
    "author": "Ralph Ellison",
    "description": "A novel that addresses many of the social and intellectual issues faced by African Americans in the early 20th century.",
    "publicationDate": "1952-04-14",
    "coverImage": "https://covers.openlibrary.org/b/id/9311844-L.jpg"
  },
  {
    "id": 38,
    "title": "The Sun Also Rises",
    "author": "Ernest Hemingway",
    "description": "A novel about a group of expatriates in post-World War I Europe, capturing the disillusionment of the Lost Generation.",
    "publicationDate": "1926-10-22",
    "coverImage": "https://covers.openlibrary.org/b/id/9282317-L.jpg"
  },
  {
    "id": 39,
    "title": "The Old Man and the Sea",
    "author": "Ernest Hemingway",
    "description": "The story of an aging fisherman who struggles with a giant marlin far out in the Gulf Stream.",
    "publicationDate": "1952-09-01",
    "coverImage": "https://covers.openlibrary.org/b/id/9311848-L.jpg"
  },
  {
    "id": 40,
    "title": "Madame Bovary",
    "author": "Gustave Flaubert",
    "description": "A novel about a doctor's wife, Emma Bovary, who seeks to escape her provincial life through extravagant spending and affairs.",
    "publicationDate": "1857-01-01",
    "coverImage": "https://covers.openlibrary.org/b/id/9326291-L.jpg"
  },
  {
    "id": 41,
    "title": "A Tale of Two Cities",
    "author": "Charles Dickens",
    "description": "A novel set in London and Paris before and during the French Revolution, telling the story of sacrifice and redemption.",
    "publicationDate": "1859-04-30",
    "coverImage": "https://covers.openlibrary.org/b/id/9470723-L.jpg"
  },
  {
    "id": 42,
    "title": "Great Expectations",
    "author": "Charles Dickens",
    "description": "The coming-of-age story of an orphan named Pip, exploring themes of wealth and personal development.",
    "publicationDate": "1861-08-01",
    "coverImage": "https://covers.openlibrary.org/b/id/9327980-L.jpg"
  },
  {
    "id": 43,
    "title": "David Copperfield",
    "author": "Charles Dickens",
    "description": "A semi-autobiographical novel that follows the life of David Copperfield from childhood to maturity.",
    "publicationDate": "1850-01-01",
    "coverImage": "https://covers.openlibrary.org/b/id/9311841-L.jpg"
  },
  {
    "id": 44,
    "title": "Middlemarch",
    "author": "George Eliot",
    "description": "A novel set in a provincial town, exploring the lives of the townspeople and their social, political, and personal concerns.",
    "publicationDate": "1871-12-01",
    "coverImage": "https://covers.openlibrary.org/b/id/9326248-L.jpg"
  },
  {
    "id": 45,
    "title": "The Sound and the Fury",
    "author": "William Faulkner",
    "description": "A Southern Gothic novel that tells the decline of the Compson family, set in the American South.",
    "publicationDate": "1929-10-07",
    "coverImage": "https://covers.openlibrary.org/b/id/10238484-L.jpg"
  },
  {
    "id": 46,
    "title": "Of Mice and Men",
    "author": "John Steinbeck",
    "description": "A novella about two displaced ranch workers during the Great Depression, and their dreams of a better life.",
    "publicationDate": "1937-11-23",
    "coverImage": "https://covers.openlibrary.org/b/id/10238481-L.jpg"
  },
  {
    "id": 47,
    "title": "The Stranger",
    "author": "Albert Camus",
    "description": "A novel about an indifferent man who is drawn into a senseless murder in Algeria.",
    "publicationDate": "1942-06-15",
    "coverImage": "https://covers.openlibrary.org/b/id/9254202-L.jpg"
  },
  {
    "id": 48,
    "title": "East of Eden",
    "author": "John Steinbeck",
    "description": "A story about the intertwined destinies of two families, set in the fertile farmlands of California.",
    "publicationDate": "1952-09-19",
    "coverImage": "https://covers.openlibrary.org/b/id/10233420-L.jpg"
  },
  {
    "id": 49,
    "title": "A Passage to India",
    "author": "E.M. Forster",
    "description": "A novel about the tensions between the British and Indians in colonial India, centered on a controversial court case.",
    "publicationDate": "1924-06-04",
    "coverImage": "https://covers.openlibrary.org/b/id/10189627-L.jpg"
  },
  {
    "id": 50,
    "title": "Siddhartha",
    "author": "Hermann Hesse",
    "description": "A spiritual novel that follows the journey of a young man in ancient India seeking enlightenment.",
    "publicationDate": "1922-09-06",
    "coverImage": "https://covers.openlibrary.org/b/id/9254177-L.jpg"
  }
]